HACK_LICENSE,NAME
3213141,"Albertson, Ryan"
4900510,"Sardin, Akesh"
3825194,"Summitt, David"
1309654,"Slater, Dan"
5138814,"Symonds, George"
9494328,"Green, Mable"
4122953,"Knox, Tony"
6601929,"Cabezas, Gary"
2546377,"Goin, Michael"
4992073,"Knox, Wesley"
7238074,"Lambert, Leo"
1927892,"Ricks, Tyler"
2300225,"Lee, Charles"
9619395,"Uziel, Jimmy"
8154404,"Arredondo, James"
7728592,"Hsu, William"
7096980,"Manns, Kelly"
6691442,"Mcgee, John"
9642588,"Saeler, Clifford"
5500401,"Hicks, Mary"
2675841,"Talbott, Alton"
7937907,"Shipman, Loretta"
4104264,"Southwood, Lyle"
4082167,"Wilson, Johnnie"
2082680,"Gamble, Claude"
4869873,"Holland, Tina"
7457962,"Nickell, Phillip"
7293244,"Perrier, Ernest"
3608539,"Lightner, Andrew"
8308104,"Everett, Marisa"
8750715,"Johnson, Sammy"
6992415,"Bolf, Elizabeth"
2222960,"Overby, Joshua"
8541198,"Fulcher, Kristen"
7611388,"Clark, Delmar"
8957695,"Cromer, Grant"
7033804,"Haag, Doug"
6272296,"Titus, Neal"
5853981,"Ray, Randy"
2875365,"Mcdonnell, Doris"
3529937,"Barta, William"
9541161,"Perdue, Harriet"
4792013,"Starkey, Sylvester"
7001186,"Everett, Roger"
5549334,"Halasz, Jimmy"
8639358,"Welch, Frances"
7466886,"Justice, Steve"
1942607,"Cook, Evan"
6366417,"Ireland, David"
8333174,"Robinson, Mae"
5660154,"White, Robbin"
9763240,"Moravek, Rafael"
9049986,"Pritchard, James"
9395996,"Perez, David"
7948018,"Cornell, Frank"
3320348,"Clayton, James"
1255873,"Simmons, John"
3627025,"Merida, Emily"
2677493,"Blanchard, Ronald"
3940753,"Coronel, Curtis"
8206842,"Coffey, John"
2952678,"Galassi, Scott"
1405943,"Sharp, James"
7531430,"Fordham, William"
2351248,"Evans, Catherine"
3565193,"Lopez, Sheree"
7364153,"Mcgrath, Brian"
4609019,"Gomez, Robert"
1055777,"Cumbee, Kelly"
9510168,"Mcglothian, Kenneth"
6591713,"Reilly, Marlene"
9795642,"King, Helen"
1469530,"Warren, Boyd"
7333752,"Johnston, David"
1136199,"Figueroa, Bradley"
7529435,"Stephens, Thomas"
3383542,"West, Nora"
3654955,"Redenius, Iris"
6667670,"Sutton, Stephen"
3451846,"White, Chantel"
1416943,"Sheridan, Robert"
8938304,"Moore, John"
7857120,"Galvan, Jenny"
9380190,"Defosses, Sandra"
1575614,"Heath, Shirley"
3879038,"Orio, Paul"
4206370,"Martin, Christopher"
4632669,"Benson, Roberta"
7010788,"Mackey, Patricia"
4425907,"Riley, David"
4990623,"Farr, Douglas"
9248820,"Billings, Edith"
2020360,"Farr, Charles"
9911185,"Mccarthy, Jack"
5643166,"Davis, Christopher"
3262774,"Caudill, John"
8553865,"Suk, Angela"
2346536,"Dorsette, Judy"
3987892,"Sorensen, Connie"
8557139,"Pelley, Scott"
1702597,"Parker, Edward"
1953834,"Perry, William"
9104799,"Hale, Gene"
3816627,"Stanton, Ronald"
8183733,"Whitemore, Gertude"
1055052,"Engel, Pamala"
9962381,"Waterman, Dwight"
4005247,"Stephenson, Glenn"
7574671,"Aversano, Valentine"
4149127,"Landon, Victor"
5902151,"Howard, Jon"
4919780,"Conroy, Mina"
5070775,"Shepherd, Josephine"
1322884,"Ortiz, Joshua"
5585552,"Mitchell, Michael"
5816627,"Trafton, Jack"
3975027,"Bacon, Martin"
8387250,"Nichols, Lori"
2841881,"Wooten, Jared"
2723183,"Newman, Wilbert"
9483716,"Hall, Thomas"
5651697,"Gonzales, Elizabeth"
8225953,"Jones, Gary"
2212044,"Esteban, Essie"
1124126,"Mcclain, Caitlin"
2776575,"Aldrich, Isaias"
6520427,"Oshell, Brian"
6484659,"Davis, Richard"
9729389,"Dudley, Richard"
7100988,"Wells, Randall"
9399190,"Coleman, Jerry"
7171065,"Figueroa, Paul"
6195894,"Morelli, Timothy"
8087693,"Russom, Neal"
5370384,"Dominguez, Joann"
9357019,"King, Jason"
8126773,"Canterbury, Andre"
9652741,"Batchelder, Kurt"
8818027,"Suter, David"
5157187,"Quimby, Kristine"
7358289,"Teran, Franklin"
4446552,"Hill, Antione"
4360924,"Brown, Dale"
7120965,"Kreutzer, Brent"
5883181,"Harding, Richard"
3170912,"Wallace, Theodore"
6020843,"Smith, Doloris"
4680774,"Murphy, Willie"
1593643,"Martinez, Warren"
9066694,"Marshall, Charles"
1119476,"Fairbanks, David"
8656663,"Harris, Marisa"
5389992,"Wilkes, Christine"
7217107,"Bedward, Gregory"
7043627,"Delgado, Paul"
1296892,"Babb, Sue"
9331000,"Sanchez, Curtis"
7538455,"Thomas, Christina"
3199508,"Hanson, Andres"
8809509,"Lee, Cody"
9059920,"Silva, Glenn"
3011638,"Hall, Arnold"
1903219,"Hall, Maria"
2223547,"Leger, Michael"
7697236,"Denny, Brian"
3193590,"Levandowski, Justin"
2305570,"Baker, Paul"
9775683,"Land, Chong"
3175360,"Saba, Barry"
4025505,"Guzman, Melvin"
8412298,"Prince, Wayne"
5696969,"Fritz, Richard"
4089827,"Drake, Andre"
9771878,"Meyer, William"
9368322,"Presswood, Ray"
2283443,"Burt, Ralph"
6591523,"Dewitt, George"
1652618,"Williams, Lesley"
1710720,"Sinegal, Matthew"
4480800,"Valdes, Patrick"
6942669,"Whitley, Gerard"
4482769,"Broadbent, Charles"
1768552,"Disher, Matthew"
1137385,"Griffiths, Mario"
6351085,"Schreiner, Melia"
6639022,"Pierson, Gerald"
2235930,"Chavez, Sean"
4771900,"Hughes, Leon"
2161747,"Petersen, Shawn"
4972694,"Strader, Louise"
6013261,"Pelt, John"
6723996,"Rodriguez, Margo"
9915022,"Durrant, Rufus"
8454988,"Chung, David"
5860539,"Bell, Jacob"
5290811,"Moore, Mark"
7788895,"Young, Tiffany"
1032943,"Mack, Thomas"
4959980,"Walton, Earl"
9373925,"Grimaud, Elsie"
2789832,"Lancaster, Dudley"
5093473,"Jones, Elizabeth"
8598347,"Carver, Vincent"
5217897,"Quintana, Roger"
5586029,"Howard, Marsha"
5709043,"Love, Roberto"
3112887,"Newberg, Kevin"
5711942,"Fischer, Bryan"
1915195,"Mcnish, Zachary"
1009009,"Boris, Ramon"
8199726,"Huey, Willie"
7218236,"Zombory, Earl"
6349938,"Taylor, Dawn"
6458610,"Fox, Clara"
9382725,"Hobbs, Norman"
1601805,"Castellanos, Joseph"
8069277,"Shrum, Wesley"
3829077,"Sousa, Jay"
5108934,"Weiner, Robert"
8300684,"Marchand, Michael"
1446609,"Baxter, Chase"
8225267,"Johnson, Jesse"
7598242,"Randall, Marion"
3106652,"Robertson, Michael"
1312577,"Bonner, Robert"
5961814,"Pipkins, Alice"
6286419,"Mysliwiec, Bryan"
6486879,"Camp, Diana"
7378301,"Young, Tamie"
1469866,"Ong, Martha"
9044109,"Freedman, Harold"
2583483,"Rasmussen, Gerald"
1422606,"Morgan, Josephine"
1430322,"Morse, Billy"
2630966,"Loveless, Jonathan"
4349003,"Garza, George"
8990597,"Bostwick, David"
7386587,"King, Kerry"
2174964,"Long, David"
2362845,"Barr, Martin"
1846095,"Charles, Eric"
3290754,"Dawson, Marcia"
7440171,"Williamson, Harvey"
2030783,"Wilson, Tyrone"
8735934,"Moore, Courtney"
1332653,"Mick, Andy"
7108505,"Arnold, Melvina"
4945182,"Sayer, Marilyn"
9540159,"Owens, Heather"
7802393,"Gibson, Richard"
6373831,"Holtsclaw, Stephen"
1829163,"Hall, Gloria"
5622960,"Johnson, Kimberly"
7548970,"Hayward, Lawrence"
7598844,"Fairman, Billy"
1128341,"Styles, Doris"
9758899,"Adams, Joe"
1507106,"Wilder, Matt"
7301619,"Jennings, Travis"
1286918,"Grim, Brian"
5069016,"Riveron, Michael"
6382091,"Roth, William"
8256249,"Robinson, Elizabeth"
4810390,"Rouse, William"
9075929,"Norris, Edna"
7835395,"Rivera, Marlene"
2415031,"Hollenbach, Matthew"
5032556,"Borjas, Adam"
4318693,"Hill, Matthew"
5737085,"Hall, James"
8206400,"Ford, Hubert"
5574846,"Ortiz, Aaron"
9235345,"Phelps, Jennifer"
8678602,"Covington, Nicole"
3394415,"Bynum, Jennie"
1783416,"Kincer, Jodi"
1801479,"Proctor, Richard"
5541789,"Chalender, James"
3300225,"Sparks, Catherine"
6589156,"Ghosh, Matthew"
3745439,"Jones, Stacy"
9610532,"Trujillo, Dollie"
4482544,"Hill, Carlos"
3296231,"Davis, John"
5078473,"Tritz, Justin"
1708596,"Honor, Louis"
8374417,"Grimm, Ted"
3672452,"Gepner, Herman"
1368845,"Davis, Rebecca"
5144360,"Gomez, Gary"
5540137,"Cummings, Ryan"
6916344,"Miles, Robin"
7918440,"Rowe, Molly"
7029893,"Atkins, Paul"
7275333,"Wooten, Michel"
5174344,"Ferrini, Jana"
3022041,"Barnes, Leonor"
4083550,"Parsons, Jamie"
4474960,"Furbush, Luis"
6010784,"Leroy, Thomas"
6572730,"Rodriguez, Andrea"
7784325,"Barela, Dora"
4830050,"Obrien, Debra"
4864178,"Williams, Leonard"
8135430,"Morgan, Ernestine"
3434764,"Bozarth, Susan"
8917099,"Mejias, Edward"
6043882,"Robinson, Michael"
9604920,"Adams, Genevieve"
1015389,"Martin, Helen"
1132035,"Ellis, Adrian"
7606882,"Ransom, Blaine"
7395722,"Fagan, Wm"
4077203,"Harris, Ed"
1582435,"Elliott, Ashley"
6515878,"Thomason, Rosetta"
6912992,"Jackola, Brent"
9511983,"Conley, Bryan"
2953102,"Taylor, Rosetta"
5627498,"Giddens, Edward"
4967803,"Mullen, Maureen"
9916884,"Carter, Debra"
2563917,"Riley, Eugene"
2960314,"Schroeder, Joel"
7776126,"Oubre, Marvin"
5300021,"Easterling, Melinda"
7892953,"Sawyer, Jamie"
4260493,"List, Thomas"
9083983,"Reta, Deborah"
6952783,"Tomblin, Angelica"
8312738,"Labeau, Lynn"
8903501,"Long, Antonio"
8708157,"Miller, Steve"
6946701,"Johnson, Thomas"
4246987,"Benincase, Samuel"
5560762,"Morgan, Doris"
7159575,"Brinson, Kelly"
4372677,"Sagen, Juan"
5149243,"Cameron, Tony"
4194555,"Cardinale, Ismael"
3247351,"Morales, Herbert"
4920147,"Gallagher, Edward"
2095183,"Eagle, David"
4415167,"Wright, Wayne"
1029753,"Brittain, Timothy"
7821695,"Robinson, Matthew"
4265766,"Pichette, Michael"
3064781,"Boston, Lois"
7292927,"Hamilton, Roger"
7558773,"Manning, Terrence"
2681226,"Collins, Jeffery"
8537918,"Mccann, Eric"
9704488,"Yuhasz, Frank"
5626395,"Garrett, Timothy"
8282362,"Ralston, Wiley"
2808950,"Farrell, Joel"
4387833,"Mckay, Ora"
8112482,"Alvarado, Matthew"
6662639,"Brimfield, Steven"
2663405,"Renn, Gussie"
8034544,"Bernhart, Marcus"
4584366,"Bowen, Juan"
6155550,"Hundley, Robert"
8600853,"Haraway, James"
4692319,"Williams, Joseph"
2329670,"Shams, Daniel"
7117142,"Williams, Warren"
4131216,"Church, Mary"
3368765,"Edminster, Martin"
5500567,"Word, Dave"
8732794,"Catanzarite, Phil"
5023426,"Romaine, Alex"
2347017,"Bahlmann, Austin"
9061308,"Strong, Sonny"
1744090,"Williams, Edwin"
5770009,"Glover, Marcus"
2286444,"Gath, John"
8435437,"Stanley, Caroline"
2528082,"Pickles, William"
6265936,"Kelley, Craig"
6919607,"Leyva, Fernando"
4296621,"Strebe, Garrett"
5007311,"Swilling, Peter"
3647520,"Kauffman, Florence"
1608367,"Mcfadden, Nathan"
4314281,"Dierking, Antonio"
3816505,"Gillis, Raymond"
6068686,"Yates, Jonathan"
8785706,"Hicks, Edward"
1092530,"Griffin, Scott"
8778781,"Sells, Kevin"
3385880,"Mixon, Elizabeth"
8243443,"Grow, Jennifer"
6576517,"Loy, Eric"
7012606,"Carovski, Anita"
2209023,"Pullman, Michael"
7200269,"Mandujano, Elaine"
7343810,"Marcotte, Patrick"
7045163,"Jameson, Harry"
4795474,"Roy, Michelle"
7489085,"Morales, Kevin"
2197858,"Newhouse, Jacob"
2144925,"Fisher, Emily"
6121834,"Southard, Samantha"
2470381,"Lambert, Joaquin"
3626723,"Hamilton, Pam"
1333290,"Fordyce, Michael"
6190697,"Young, Lawrence"
6176624,"Godfrey, Michael"
2025178,"Mullen, Stephen"
7243182,"Norwood, Gregg"
8049357,"Mirabal, Garrett"
5013081,"Lawyer, Walter"
7199060,"Wells, John"
2474692,"May, Edward"
4825656,"Johnson, Gary"
8481684,"Raynor, Jessica"
9536154,"Martin, Alice"
5122328,"Cole, Felipe"
4685712,"Tademy, Leland"
8885983,"Boulet, Abigail"
8769375,"Beard, Thomas"
3333518,"Robinson, Robert"
9280106,"Fritzler, Abel"
5700505,"Taylor, Daniel"
6483518,"Martin, Sean"
9014102,"Martin, Ann"
9243456,"Lanser, Aaron"
4211411,"Sparano, Johnnie"
3607457,"Szymanski, Jan"
3540047,"Betts, Roger"
1552652,"Manning, Harold"
4649140,"Custard, Raquel"
3594448,"Madewell, Willie"
1220956,"Feliz, Kimberly"
1420214,"Storm, Gwendolyn"
6132132,"Wakefield, Joseph"
4608570,"Joe, Gerardo"
6539709,"Harris, Chester"
6149627,"Patterson, Allan"
8799175,"Wilson, Charles"
1699515,"Nimmons, Rosa"
9851377,"Gausman, Michael"
5097136,"Sanders, Alma"
9866335,"Sharpe, Juan"
5623035,"Martin, Kenneth"
6880551,"Jackson, Keith"
5560870,"Agan, Tony"
3324263,"Patel, Andrew"
3255265,"Dawson, Larry"
9834900,"Haley, Michael"
5383375,"Skidmore, Candice"
9062838,"Graciano, Shandra"
3740629,"Parent, Kevin"
9705833,"Moore, Linda"
2238113,"Fenner, Margie"
8567726,"Blackmon, Ronald"
6136714,"Thomas, Graham"
5817543,"Kurohara, Tyrone"
7681206,"Ching, Carl"
9061706,"Winters, Jerome"
7188892,"Hangartner, Larry"
3225483,"Bennett, Adam"
2079836,"Bush, Andrew"
8935454,"Wright, Joan"
6207612,"Becker, Cynthia"
1048901,"Horowitz, Rhea"
1041097,"Ellis, Oliver"
1868726,"Mccall, Cheryl"
2859155,"Hudgens, Alan"
2746213,"Lemire, Horace"
2968298,"Swink, Ryan"
7755417,"Isbell, Rob"
7662577,"Norris, Louis"
7298977,"Meyer, Bridgette"
8555476,"Rivera, Marisol"
7543683,"Torres, Steven"
1374666,"Long, Sidney"
7864870,"Steuer, Jayson"
3270451,"Johnson, Donald"
1205523,"Charles, Christopher"
9103425,"Radsky, Ryan"
6115878,"Hamm, Catherine"
7780271,"Beck, Tamika"
6467197,"Coats, Bobby"
9405207,"Grise, Brent"
4846038,"Sweitzer, Ruben"
2520857,"Kidd, Richard"
9676590,"Harris, Darnell"
1195239,"Johnston, Louis"
3575611,"Matlock, Julie"
2435098,"Werner, Luther"
3732672,"Mattis, Joshua"
6823513,"Johnson, Porfirio"
5011420,"Gibbons, Curtis"
8776583,"Motes, John"
6788025,"Adams, Ramon"
1806809,"Cooley, Lorraine"
2159298,"Knight, William"
6882512,"Silva, Carlos"
7422290,"Howarter, Gertrude"
7944551,"Tilley, James"
9752011,"Anderson, Julie"
3283955,"Freeman, Dale"
8584930,"Elder, Louis"
4177134,"Iannaccone, Refugio"
5705875,"Kirsch, Austin"
5699562,"Cottier, Ellen"
4896250,"Mcbride, Katie"
6454284,"Grant, David"
2918066,"Bean, James"
1110096,"Duckey, Mary"
3452175,"Smith, Rosa"
6708915,"Lockhart, Ray"
5360386,"Martinez, Gertrude"
9153958,"Merrett, Eddie"
8299558,"Mccarty, William"
9897787,"Ohara, Aaron"
9605821,"Conlon, Thomas"
3952373,"Gadsden, Krista"
2109141,"Zumwalt, Cynthia"
6056152,"Masters, Kevin"
4988149,"Grant, Mary"
1221881,"Mccurren, Kathleen"
1391668,"Sinkiewicz, Jerry"
9323348,"Bolenbaugh, Clyde"
7968593,"Stephens, David"
1948736,"Mccollough, Johnnie"
4164105,"Dorsey, Courtney"
2190157,"Hesser, James"
7432029,"Pringle, Paul"
1068026,"Thiel, Rodney"
4147638,"Lavigne, Christopher"
5313405,"Lansdell, Alfred"
8113734,"Warren, Lowell"
2293971,"Mcneil, James"
1862141,"Cooke, Clarissa"
4030686,"Rose, Willie"
3674835,"Tinney, Thelma"
5752073,"Trimble, Raymond"
9871881,"Baldwin, Earl"
6338080,"Adamski, Carmen"
8981843,"Smith, John"
2416027,"Valdez, Ricardo"
9853833,"Taylor, Randy"
9193961,"Schreiber, Donald"
7965586,"Jacobson, Bette"
2986997,"Thompson, Reginald"
2728524,"Visitacion, Joel"
7522944,"Reyes, Thomas"
2660439,"Brown, Ernest"
4527099,"Pham, Steve"
9009390,"Ortega, James"
5827237,"Mitchell, Jerry"
2780908,"Williams, Joey"
6674504,"Jones, Nathaniel"
8478902,"Rosenberg, Dewitt"
6631119,"Kochanski, Brian"
7208763,"Champion, Jack"
4908805,"Watkins, Larry"
9551446,"Lucas, Heather"
1132716,"Jackson, Kenneth"
1394896,"Piper, Brian"
4606157,"Hudson, Jose"
9335184,"Bibb, James"
8305825,"Garner, Christina"
8591131,"Woolley, Monica"
7894862,"Walton, Audrey"
9536443,"Sanders, Anthony"
3661018,"Seevers, Frank"
6650745,"Mauricio, James"
6666720,"Simon, Rory"
8598237,"Lake, William"
8642010,"Kenyon, Irvin"
9709608,"Mellish, Willis"
7008321,"Knapp, Carlos"
9749569,"Hardwick, Geoffrey"
6023251,"Salmon, Salvador"
3414255,"Rivera, Bernard"
8911497,"Bailey, April"
7717994,"Martin, Kenneth"
1188243,"Devoy, Brandon"
8192696,"Ramos, Morris"
4502160,"Badami, Era"
2508027,"Dickens, David"
7596354,"Lloyd, James"
8928717,"Raab, Joseph"
3977092,"Zimmerman, John"
5277407,"Comeau, Ronnie"
2304189,"Phillips, Gordon"
1982758,"Lange, James"
3007490,"Michaels, Allen"
3154445,"Martinez, Carina"
2707092,"Swartz, Barbara"
6877820,"Martin, William"
3834134,"Williams, James"
4524570,"Williams, Nathan"
5575837,"Lucas, Kirk"
3851150,"Newsham, Tyson"
4928077,"Allbritton, Linda"
7964099,"Keller, Kyle"
2830965,"Midgette, Carol"
9274212,"Rasmussen, James"
4355748,"Louder, Barry"
3932682,"Scurry, Fernando"
9058571,"Letson, Socorro"
5344776,"Stupka, Donita"
6202856,"Anthony, Collette"
4847255,"Forbes, Albert"
5422921,"Mack, Jeremy"
6813207,"Silsby, Clifton"
4757816,"Hall, Michael"
6204008,"Mitchell, Spring"
4412252,"Demartino, John"
9986026,"Klein, Cory"
9151928,"Russey, James"
3704252,"Skidmore, Roy"
5150334,"Taylor, Eugene"
4402792,"Stewart, Frank"
3552898,"Lee, Olga"
9701074,"Childs, Bennie"
7089919,"Ebert, Sonny"
9833114,"Queen, Richard"
9660869,"Miller, Robert"
2801691,"Hankins, Tina"
7260450,"Greer, Nancy"
7255189,"Elliot, Lawrence"
2491199,"Shelton, Roger"
5672094,"Lamoureux, Michele"
1096483,"Stewart, Anthony"
4807795,"Rasmussen, Clinton"
6555067,"Coon, Brendan"
7113554,"Nielsen, Dana"
8672566,"Sampson, David"
9251629,"Delacruz, Steve"
1495451,"Richardson, Jeffrey"
9061732,"Kingsley, Zane"
8587583,"Jacob, Gregory"
1955850,"Tisdale, Archie"
1848830,"Johnson, Brian"
4761055,"Smith, Ryan"
3305042,"Beal, Robert"
8012690,"Beachy, Tyler"
3817357,"Mcclelland, Harry"
1267504,"Peatross, Jonathan"
4718306,"Marcoux, Margaret"
9290447,"Gebhardt, Leon"
4495832,"Brown, Eddie"
8290609,"Rangel, Lon"
7956211,"Dillard, Theodore"
6519655,"Reed, Felix"
4290477,"Swainston, Joseph"
7861976,"Wead, Jack"
4764900,"Clevenger, Martha"
5173761,"Ryan, Jason"
2203427,"Morris, Laurie"
8943176,"Wynn, Stacey"
8020084,"Sallee, Roger"
9579033,"Soloveichik, Eugene"
3710866,"Rice, Charlie"
1072840,"Fox, Allen"
3784522,"Williamson, Peter"
7156611,"Doane, Timothy"
3376618,"Williams, Scott"
4900879,"Knight, Dwight"
4439280,"Green, James"
7146814,"Anderson, Robert"
8195173,"Lai, Joseph"
4968223,"Jones, Greta"
2117543,"Martin, Jimmie"
7483407,"Johnson, Timothy"
3892746,"Brooks, Alecia"
6633052,"Williams, Crystal"
2343099,"Greer, Timothy"
6794469,"Gordon, Hal"
1803526,"Infield, Cynthia"
6155741,"Spradlin, Olga"
3581445,"Carter, Corey"
7894500,"Hoffman, Courtney"
4650116,"Jung, Brenda"
6669837,"Reynolds, Kevin"
4051871,"Hazard, Odette"
2930553,"Ovington, Gary"
4615311,"Boykins, Harold"
4568943,"Slaton, Benjamin"
3614579,"Minder, Dorothy"
5853155,"Porath, Reuben"
1739571,"Fansler, Peter"
1922732,"Johnson, Roger"
9312124,"Boling, Anita"
2380440,"Padgett, Jake"
1420952,"Pike, Frances"
8087073,"Burditt, Jada"
4675981,"Herrington, John"
9923374,"Chee, Roy"
6580773,"Thompson, John"
4115676,"Seavey, Brian"
9047804,"Mays, Esther"
2627412,"White, Nellie"
1640820,"Simoneavd, Madelene"
1288989,"Wassermann, Herman"
8957792,"Oberle, Kathrine"
8592356,"Dinwiddie, Barry"
5814216,"Newcomer, Pierre"
5639484,"Richardson, Bradley"
4394390,"Duarte, Annie"
1827567,"Sampogna, Christina"
6846280,"Cook, Joseph"
4429960,"Mayes, John"
4690865,"Ring, Donna"
8290682,"Graham, Carl"
6122429,"Parker, Eric"
6703937,"Brower, Chauncey"
5186174,"Weathersby, Anh"
4915627,"Morita, Albert"
6295342,"Cordero, Danielle"
7593551,"Smith, John"
5238456,"Steinke, Audrey"
8669559,"Woodhouse, Deborah"
1333996,"Watson, Richard"
7248660,"Rodriguez, Randall"
9741580,"Griffin, Donna"
9103523,"Lay, Everett"
9393275,"Tunstall, Robert"
8179807,"Balser, Henry"
7746603,"Wang, Lee"
6589853,"Garner, John"
1205869,"Strider, Gayle"
9883379,"Atkins, Edna"
4903206,"Graves, Jasmine"
3869550,"Emerson, Blanche"
7554150,"Johnson, Ronald"
4938327,"Saxton, Lisa"
4247318,"Hyland, Viola"
6659483,"Kash, Janice"
9276395,"Rising, Cheryl"
9263623,"Deramus, Daniel"
8059803,"Harrison, Emily"
8654103,"Hawthorne, Bernice"
8941366,"Denton, Jimmy"
8525197,"King, Doug"
6682688,"Mcnally, Erin"
5948233,"Brock, David"
6918713,"Premo, James"
7031597,"Sisson, Warren"
4101755,"Gardner, Erin"
9535606,"Shinabery, Daniel"
1637024,"Cancro, Carlton"
1763224,"Obannon, Mary"
8563625,"Nelson, Edward"
5476035,"Hutson, Autumn"
1207292,"Rooney, Juanita"
7099875,"Caputo, Lorraine"
8873431,"Grisham, Minnie"
4550774,"Spain, Helen"
7557130,"Chandler, Jaime"
8035331,"Kidd, Albert"
9476386,"Ackies, Mario"
9540505,"Ross, Troy"
1700122,"Tate, Larry"
2406971,"Thurman, Erica"
7778950,"Zinke, Jonathan"
3564904,"Slater, Rena"
6148525,"Harris, Richard"
3862738,"Rodriguez, John"
9193294,"Ball, Sam"
3431827,"Pike, Scott"
8406492,"Monteith, Carol"
4808679,"Norris, Kenneth"
6911182,"Johnson, Ernest"
7042849,"Lopez, Tommy"
5615570,"Brewer, Jason"
1052131,"Montoya, Larry"
6107473,"Rouse, Daniel"
1836490,"Gomez, Patrick"
1055730,"Richmond, Douglas"
6775084,"Totten, John"
4241437,"Lindsey, Andrew"
8983372,"Trevino, Mike"
6009507,"Susanin, Dean"
7752026,"Durand, Earl"
3634894,"Wiggains, Elaine"
9218446,"Myers, Myron"
5260933,"Penrod, Robert"
6279079,"Torres, Thomas"
4138901,"Trahan, Samantha"
1372531,"Barile, Angie"
9499785,"Taylor, Kevin"
3344934,"Valle, Richard"
4286432,"Fontanella, John"
5991366,"Martin, Merrill"
3389370,"Mortensen, Jonnie"
9523704,"Williams, Jose"
2746129,"Lester, Alex"
8045326,"Mitchell, Ronald"
4893781,"Mills, Edward"
3033133,"Green, Gary"
8928737,"Miller, Brenda"
5991822,"Young, Michelle"
3973169,"Walls, Joshua"
3027508,"Goulet, Michael"
3648600,"Sherrill, Eddie"
7797583,"Crockett, Ronald"
1308155,"Anderson, George"
8856531,"Limon, Demetrius"
9324374,"Moore, Terry"
7432585,"Stotler, Frank"
2077383,"Stephenson, Joel"
5530334,"Dominguez, Margaret"
8189247,"Stafford, Shawn"
2575906,"Mcmillen, Robert"
8254202,"Yeary, Sandi"
2903031,"Hamilton, Jane"
7257011,"Colegrove, Ian"
5282586,"Buckhalter, Eric"
2547489,"Cianciola, Ronald"
7153407,"Rogers, Maegan"
2438165,"Nass, Jack"
1920380,"Lincoln, Jerry"
9630102,"Pokora, Wilson"
9068493,"Pointer, Manuela"
8534476,"Love, Paul"
1183432,"Talbot, Brenton"
6868980,"Seda, William"
7313683,"Scott, Sarah"
8125237,"Kellett, James"
6947666,"Wallace, Billie"
7294182,"Peterson, Brad"
1131879,"Franco, Glenda"
3824299,"Mathes, John"
7911954,"Zoll, Mattie"
5106959,"Sampere, Scott"
2624756,"Kao, Chester"
3518151,"Lewis, Donald"
1457704,"Cromer, Anne"
3527334,"Maynard, Dennis"
8985846,"Johnson, Thomas"
5264877,"Tiemann, Gary"
3134157,"Ballantyne, Ian"
8721222,"Sanchez, Dale"
2913439,"Andrus, Roland"
3931371,"Wilkerson, Carl"
5951342,"Mathew, Letitia"
1731395,"Bellomy, Stanley"
1370551,"Bond, Eugene"
3441233,"Routh, George"
3070865,"Herreras, Virginia"
1994009,"Savage, Justin"
2795348,"Ambriz, Rachel"
1172839,"Collins, Thomas"
2057920,"Lawrence, Jimmy"
2323108,"Blandon, Jack"
5099384,"Gonzales, William"
3517407,"Frank, Jacob"
6000609,"Cummings, Carol"
1215586,"Hoover, Mark"
4453133,"Diaz, Betty"
9584047,"Ivy, John"
2302498,"Williams, Edward"
3957618,"Lamarr, Paula"
9127102,"Johnson, Jason"
6992875,"Jenkins, Amanda"
6040664,"Gildea, Timothy"
9757992,"Canaday, Travis"
7442109,"Andrews, Robert"
5994084,"Grabner, Edward"
6064778,"Stevens, Ruth"
8038568,"Rivera, David"
3437168,"Shell, Dewey"
2195932,"Williams, Michael"
7224500,"Cooper, Shante"
8667155,"Thompson, Robert"
9716720,"Soto, John"
5765778,"Grant, Arthur"
7284923,"Mccloskey, Clyde"
5433907,"White, Irene"
1329702,"Hunter, Christopher"
7596303,"Sparkman, Rebecca"
2286423,"Pearson, Wayne"
3371159,"Castro, Donald"
6356722,"Barrickman, Susan"
7714416,"Houck, Rhonda"
1027224,"Bishop, Anthony"
4569494,"Stubblefield, Douglas"
4850423,"Nelson, Robert"
2084747,"Amaya, Guadalupe"
3495868,"Seeley, Harry"
9205257,"Camacho, James"
6152748,"Banks, Jermaine"
3461337,"Andersen, Gina"
8974462,"Dooley, Daniel"
4762470,"Skaggs, Orlando"
9182003,"Given, Mary"
3252632,"Vasquez, Heidi"
5356932,"West, Angela"
6253188,"Santiago, Constance"
2668535,"West, Kimberly"
8209007,"Johnson, Brad"
4343979,"Oge, Doyle"
2080822,"Stilson, Gary"
9004315,"Moore, David"
6975222,"Jeronimo, Christopher"
6483393,"Needham, Anthony"
9027860,"Dickson, Herman"
5027253,"Hickok, Rick"
2967586,"Hyatt, Andrew"
7798672,"Lackey, Marjorie"
1501597,"Jones, Mary"
6956163,"Lee, Dale"
1526928,"Wilson, Truman"
5791983,"Segura, Royce"
5784789,"Penn, Michael"
3206907,"Robey, Isabel"
3101028,"Wheeler, Alexander"
3519057,"Redmond, Patrick"
5158743,"Edgerson, Jack"
9132113,"Powell, Alfred"
7327076,"Cloutier, Michael"
7281714,"Yates, Hoa"
4351375,"Walsh, Carlos"
1616313,"Medina, Earl"
3133494,"Hulett, Lillian"
8676565,"Gattison, James"
6767310,"Baker, Jarred"
7535773,"Lewis, Patsy"
4394044,"Green, Melvin"
4476441,"Clark, Ryan"
5466719,"Allen, Josephine"
8595126,"Dorsey, Donald"
8291130,"Fish, Mike"
1770245,"Kerley, Mark"
5073757,"Lewis, Marianne"
8905481,"Brinegar, George"
1989863,"Taylor, John"
2934569,"Mcconnell, Jesse"
6856670,"Walsh, Cody"
5810153,"Roberts, Corey"
6280916,"Ross, Edgar"
6901842,"Jackson, Joe"
3250535,"Ownby, Adelaida"
7555541,"Carney, John"
2879121,"Chappell, John"
8771701,"Hall, William"
8952006,"Mclain, Jeremiah"
2172569,"Sims, Rafael"
8825617,"Lemons, Katie"
6329656,"Romano, Tim"
8605721,"Villanvera, Willie"
9941794,"Garcia, Kelli"
6670081,"Briley, George"
8270929,"Black, Agnes"
5588202,"Luttrell, Lewis"
7561437,"Asher, Willard"
3673280,"Robinson, John"
5229059,"Martin, Jane"
1210243,"Ellis, Amanda"
3674314,"Gibson, James"
6753853,"Cramer, Gracie"
6512376,"Kramer, Efrain"
2966539,"Bell, Juanita"
7583558,"Tropea, Gerald"
5911467,"Herrera, Norma"
7719177,"Gay, Bridget"
7782215,"Golz, Aisha"
5094565,"Stalker, James"
6902966,"Collins, Tomasa"
1837566,"Bradstreet, Donald"
5018240,"Ham, William"
3313058,"Metevier, Peter"
2759089,"Cruz, Hal"
4170890,"Crowell, Lowell"
9556845,"Harris, Shirley"
7100777,"Shaver, Aaron"
8940316,"Martin, Thomas"
4010227,"Mclendon, Sarah"
6068248,"Jones, Rhonda"
7456111,"Daniel, Robert"
8872289,"Lovato, Johnny"
5789971,"Hoyer, Joshua"
5979481,"Birch, Sarah"
8529043,"Blockmon, Ricky"
7994899,"Thompson, Barbara"
6184812,"Webster, Anthony"
9690570,"Rutter, William"
5327614,"Bohannon, Jan"
6434821,"Pinsonnault, Christopher"
2618006,"Lajoie, Roy"
9637639,"Grier, Meagan"
9964062,"Brison, Anthony"
9638323,"Madsen, Thomas"
3537974,"Ferrell, Frank"
4700338,"Lieu, Tomas"
7185822,"Lambert, Donald"
7378661,"Harrison, John"
5800330,"Oppenheim, Mary"
7722673,"Carpenter, Walter"
7867002,"Vandiver, Jeffrey"
1067504,"Conte, William"
8138994,"Hazelton, David"
3186831,"Worstell, John"
3853229,"Williams, George"
6539580,"Tilbury, Frank"
6306462,"Yoshino, James"
4583502,"Martinez, Jerri"
1663344,"Carter, Michael"
4092623,"Provence, Carl"
1353774,"Darden, Quinn"
7316049,"Thomas, Patrick"
3341874,"Holmes, Ronald"
9871049,"Fisher, Hiroko"
9742530,"Gibbs, Lillie"
1785964,"Berwick, Julia"
5101499,"Welsh, Merrill"
2951281,"Otero, Tristan"
3256695,"Perkins, Kathleen"
8120495,"Coley, Brandon"
9245643,"Bagger, James"
4751908,"Mcgrew, Alvin"
3115042,"Stewart, Marvin"
5948269,"Curtis, Eric"
1713219,"Pugh, Curtis"
3814625,"Christopher, John"
9531273,"Maddocks, James"
6988174,"Workman, Joseph"
2670279,"Stillman, Barbara"
6308772,"Bailey, Brian"
1925161,"Donaldson, Charles"
7061401,"Wendte, Warren"
6382760,"Carter, Eugene"
6299668,"Neyhart, Bernice"
4044346,"Hagen, Ruth"
2215179,"Schneidtmille, Virgil"
4776212,"Warren, John"
5920826,"Green, Marvin"
9404686,"Dumont, Harold"
3366241,"Dagley, Cecil"
6611748,"Simmons, Lois"
3035156,"Fischer, Clifford"
1378702,"Allman, Paul"
7115938,"Knott, Jesse"
1222921,"Quirk, Ashly"
6522097,"Candelaria, Edna"
7252649,"Scott, Julio"
4340190,"Oritz, Lori"
3434260,"Clark, Weston"
4768831,"Filer, Terri"
7448704,"Martin, Eddie"
8671309,"Widen, Louis"
7008902,"Mcconnell, Joanna"
7140152,"Baker, Nancy"
7476834,"Colligan, Andrea"
6466055,"Aguilar, Alfred"
2307784,"Lewis, Billy"
9556906,"Tran, Roberto"
5035053,"Hill, Keith"
3132753,"Hill, Augustine"
9783075,"Chavez, Harold"
5251770,"Miller, Derek"
4736913,"Brantley, Benjamin"
8766944,"Milan, David"
6062302,"Taylor, Richard"
7329294,"Breiner, David"
3763337,"King, Carl"
4430730,"Porter, George"
5353313,"Franklin, Tonia"
3768478,"Starzyk, Henry"
6253719,"Shirley, Rosemarie"
5566725,"Clark, Roberta"
7259109,"Miller, Bettie"
1173986,"Williams, Daniel"
9439163,"Reeves, Bertha"
3784683,"Lamboy, Lisa"
6632470,"Miller, Melanie"
4922783,"Payton, Michael"
7645769,"Hilton, Kenneth"
9019802,"Oakley, Robert"
5212751,"Pinheiro, David"
8947329,"Lanterman, Alexis"
5507758,"Swartz, Lewis"
5659873,"Nelson, Ana"
7163784,"Pagan, Charlie"
6926488,"Terranova, Roberta"
3350196,"Moreau, Caren"
3610267,"Nguyen, Deborah"
1327109,"Ducking, Lisa"
4591634,"Escobedo, Douglas"
2894597,"Connor, Michael"
7999758,"Moore, Oscar"
7365069,"Burnett, Philip"
8362570,"Ewing, Mason"
6079294,"Smith, Mavis"
6311122,"Pierson, Robert"
9351197,"Carter, Conrad"
5015594,"Franks, Jennifer"
6261420,"Slade, Lorraine"
9282781,"Meyer, Michael"
3075986,"Gomez, Carl"
7993300,"Ohlson, Joseph"
1100453,"Staley, William"
8789453,"Holtzman, Brandon"
5229394,"Ross, Manuel"
2771627,"Dillon, Paul"
9610860,"Lynch, Jack"
7133261,"Dupree, Rachel"
5831728,"Rogers, Alma"
4547995,"Victor, Chris"
9296238,"Walter, Aurora"
1372373,"Long, Carrie"
1393825,"Santiago, Melissa"
1534124,"Hodak, Lee"
1091072,"Silva, Elizabeth"
4932090,"Richard, Leo"
7297360,"Martinez, Stewart"
6226101,"Acosta, Charles"
5853647,"Lind, Erica"
9337793,"Ybarra, Gregory"
4094134,"Longoria, Vincent"
2133527,"Aldrich, Stephen"
8154747,"Johnson, Bettye"
1337037,"Lund, Ruth"
5531365,"Harmon, Edwin"
6334298,"Mize, Phillip"
6695708,"Williams, Hilario"
7396251,"Walker, George"
3294869,"Simmons, Michael"
6731250,"Duenes, John"
8512153,"Hurd, Rita"
8995310,"Lopez, Kenneth"
6667178,"Hawkins, Laura"
2409871,"Hanni, Keith"
9422622,"Chavis, Brian"
9549677,"Boyle, Theron"
9766285,"Williams, Fredrick"
7887848,"Friel, Ward"
1377958,"Arceneaux, Ronald"
1462631,"Jones, Edward"
8811691,"Kenison, James"
5989216,"Poirier, Gloria"
8056681,"Barnes, Alma"
4869670,"Steury, William"
7678420,"Edwards, Robert"
6138382,"Liss, William"
6617323,"Cusick, James"
7681623,"Thomas, Sharon"
5005081,"Coughlin, Howard"
2685067,"Munoz, Joseph"
5765883,"Kelly, Evelyn"
3031970,"Jones, Michael"
2407495,"Gaul, Shelley"
2722276,"Atterberry, Michael"
9639332,"Rainey, Samuel"
9627044,"Roberson, Conrad"
7666040,"Philson, Jenna"
3724388,"Johnson, James"
2994663,"Byrd, Clarence"
5805102,"Abels, Joseph"
3895091,"Rivera, Garry"
7082266,"James, Ronald"
4371865,"Andrews, Dennis"
6851435,"Lesniak, Richard"
5764580,"Ables, Thomas"
4675423,"Wilborn, Karen"
3353484,"Nolen, Alice"
7627900,"Haro, Doris"
7391067,"Walshe, Eddie"
7028915,"Morgan, Audrey"
4742596,"Patton, Robert"
1988246,"Portillo, Joshua"
1031797,"Rael, William"
9908268,"Ford, James"
2874430,"Savarese, Christopher"
6376684,"Castro, Helen"
3371389,"Jordan, Clyde"
1980187,"Nelson, John"
4384421,"Basinski, Norma"
2137382,"Morse, John"
7163774,"Coleman, Michael"
6609876,"Ray, Heather"
3696128,"Botcher, Marc"
4485763,"Hunter, Melvin"
3048180,"Sheridan, Dewitt"
5584272,"Minutillo, Kenneth"
4513448,"Manville, Leo"
1529669,"Hannah, Wallace"
8309069,"Wilson, John"
5915527,"Zamudio, Shane"
9287421,"Guevara, Lawrence"
2751656,"Holland, Amado"
4250013,"Gebhard, Ronald"
1865918,"Smith, Sergio"
4850945,"Ousley, Jessica"
3016923,"Rogers, Robert"
4456548,"Gonzalez, James"
4191886,"Flora, Arthur"
6048606,"Mengel, Janis"
8945622,"Rowland, Raul"
5085118,"Age, Yvonne"
6251831,"Mendosa, Christina"
4193460,"Harris, David"
6028891,"Morrison, Juan"
1292038,"Hendrix, Jeanie"
6824691,"Adkins, Tricia"
5496689,"Finder, Sara"
3453286,"Squire, Christopher"
8688021,"Fagen, Sammy"
2033867,"Carlson, Lois"
9818438,"Brumaghim, Willie"
4471562,"Mckim, Marvin"
3031927,"Bounds, Daniel"
2796490,"Corey, Jill"
4666210,"Provost, Alan"
1123006,"Wulff, Rodney"
5454984,"Morris, Paul"
7543970,"Darden, Marc"
8931378,"Toevs, David"
1044722,"Louden, Sandra"
2063544,"Dale, Dewey"
8053052,"Henderson, Nicole"
9339285,"Herron, Dave"
9845239,"Thompson, Michael"
6946356,"Lopez, Donald"
1400234,"Natcher, Joshua"
9673996,"Harding, Anthony"
3559549,"Williams, Shirley"
7314213,"Campbell, Marianne"
8110898,"Freeman, Odessa"
5040634,"Bryant, Andrew"
4769157,"Hester, Gregory"
1964994,"Ray, James"
3311428,"Adams, Richard"
5417898,"Law, Lanny"
4667256,"Curry, Scott"
7785984,"Colley, Matthew"
4107522,"Hoang, John"
3059667,"Ruocco, Kenneth"
5386785,"Barcus, Scotty"
1577597,"Mclemore, Christopher"
7964695,"Hille, Lara"
4572333,"Coleman, David"
1039217,"Branco, Jose"
6062366,"Gladys, Craig"
8464438,"Hayes, Michael"
7568898,"Stillman, Jenny"
5805978,"Warren, Goldie"
5222027,"Hall, Bobbie"
9706670,"Ballew, Ginger"
4165764,"White, Daniel"
2534034,"Sullivan, Ivan"
4414844,"Owens, Thomas"
8601446,"Brown, Evonne"
6016337,"Smith, Roosevelt"
8756679,"Lawler, Jamie"
2691378,"Williams, Edyth"
5659997,"Giard, Essie"
6595140,"Buchanan, Oscar"
1691395,"Rhinehart, William"
1516769,"Miller, Earl"
4677923,"Dillow, Robert"
1852452,"Brazell, James"
1457895,"Drexler, James"
5377378,"Rosi, Brenda"
6385518,"Hamilton, Rufus"
1145559,"Willingham, Robert"
8542030,"North, Kevin"
6041236,"Haza, Henry"
7335447,"Stebbins, Virginia"
4552103,"Lowell, George"
7711788,"Rodriguez, Harry"
5211596,"He, Deanna"
3209876,"Savage, Sharon"
1653926,"Ozley, Martha"
6335004,"Dexter, John"
5847485,"Oconnell, Enrique"
5966053,"Whorton, Elizabeth"
6944424,"Sam, Craig"
8395493,"Gray, Ricardo"
8116453,"Sharpton, Jason"
1587293,"Swafford, William"
6245900,"Wolff, Kathleen"
9263390,"Peters, Pauline"
2107605,"Santiago, Edith"
9112395,"Griggs, Randy"
3889724,"Stillings, Jeffrey"
3479234,"Armstrong, Kevin"
5008227,"Sealey, Peggy"
7917211,"Morrison, Gerald"
4578559,"Mcdaniel, Joseph"
2257113,"Bradish, Russell"
4041223,"Bice, Eloy"
9577281,"Barrett, Carlos"
1224902,"Bill, Jesus"
4538751,"Allen, Donald"
1344941,"Wilcox, Steve"
1311740,"Hamer, Fred"
7863243,"Rajan, William"
4901603,"Calhoun, Fred"
4328098,"Rael, Benito"
5417912,"Luebke, Chris"
9493643,"Benedict, James"
3787744,"Davis, Vernon"
3257848,"Caricofe, Curtis"
1661961,"Adens, Lamont"
6113733,"Brenner, Lillian"
5319557,"Burkley, Ryan"
1253793,"Green, Filiberto"
5650712,"Anderson, Jose"
4265049,"Garoutte, Keith"
9787680,"Bowen, David"
1363463,"Diaz, Donald"
1650507,"James, Jeffery"
7484797,"Damour, Juana"
6437282,"Walker, Keith"
4897142,"Houpe, Sharie"
1744142,"Levings, Robert"
4370474,"Thornton, Kelli"
9989423,"Creager, Anita"
5846305,"Wiggins, Margaret"
8507672,"Forsythe, Larissa"
8688072,"Fowler, Robert"
2670195,"Blair, Keith"
3668535,"Akerley, Jose"
7846111,"Guthmiller, Paul"
3834797,"Leverette, David"
2256876,"Boney, Carol"
1655762,"Rafter, Earl"
9773066,"Sigrist, James"
1737457,"Orick, Steven"
5238752,"Jones, Daniel"
8276230,"Tyrer, Annie"
8641188,"Allen, Thomas"
1631304,"Singleton, Richard"
3373742,"Lindstrom, Brian"
1716465,"Barrett, John"
3768291,"Sowers, Robert"
2779734,"Shepard, Joshua"
3608962,"Baumbusch, Joshua"
1880050,"Bank, Geneva"
2904696,"Lindsey, Rex"
9669150,"Hohn, Clay"
4654877,"Brooks, Melissa"
4700974,"Walsh, Charles"
4902370,"Stuckey, Norris"
5947527,"Hall, Thomas"
7899003,"Franks, Eric"
9332158,"Becher, Paul"
4566616,"Gordon, David"
9654835,"Brown, Ed"
6567128,"Edwards, Scott"
5347546,"Jarrell, Agnes"
1293764,"Brown, Emery"
7507026,"Benningfield, Kandice"
7568399,"Coffey, Bruce"
3242880,"Brown, James"
8680586,"Benavidez, Ronald"
6603751,"James, John"
2621114,"Velazquez, Robert"
3073315,"Allamong, Dale"
8429850,"Russo, Phillip"
1853506,"Canfield, Eugene"
1879947,"Shore, Kurtis"
8604590,"Shulda, Edward"
1949823,"Murdock, Dee"
6504911,"Gray, Helen"
8046303,"Smith, Fred"
5426193,"Day, Manuel"
8424421,"Antonio, Matthew"
5047353,"Casteel, Geraldine"
9729556,"James, Ian"
9276359,"Mongelli, Steven"
9741920,"Shelby, Billy"
7297068,"Rosenberg, Virgil"
7778887,"Phillips, Richard"
5909912,"Smith, William"
5735013,"Cooley, Mark"
8689838,"Kaminski, Ethan"
3118630,"Banks, Mary"
5172503,"Vivier, Joseph"
3533275,"Harper, Philip"
6702096,"Sprague, Gregory"
3084108,"Neville, Abigail"
5076826,"Anderson, Nicole"
1372431,"Turner, James"
5764705,"Keithly, Brian"
7602287,"Edwards, Ruth"
7723237,"Morant, David"
2021776,"Herman, Eric"
1103964,"Dickerson, Frank"
9818916,"Ploof, Jenna"
7483730,"Hopkins, David"
1346563,"Hadlock, Matthew"
5806029,"Brasher, Larry"
2240733,"Singleton, Miguel"
4811980,"Reynolds, George"
2369395,"Haynes, Scott"
6604487,"Bui, Major"
1013818,"Rosier, Joshua"
5995320,"Wethje, Terry"
5458135,"Hicks, Arthur"
6052705,"Maines, Jeffrey"
9553488,"Sun, Katie"
6140284,"Menchaca, Milton"
8068107,"Diggs, Daniel"
3082381,"Proper, Stuart"
9607827,"Mclaughlin, Marie"
5669733,"Bradish, Michael"
8685534,"Arnold, Kevin"
5076759,"Griffin, Michael"
5027124,"Ng, Sharon"
2551735,"Holmes, Edward"
7046065,"Mangum, David"
2560836,"Albertson, Brian"
1541144,"Loucks, Josephine"
3845548,"Justice, Josette"
8084145,"Penrod, Laurie"
3492323,"Lecompte, Gary"
9227792,"Miller, Michele"
2324131,"Bernhart, John"
3052430,"Brown, Joseph"
5650720,"Cunningham, Ned"
2072191,"True, Lenore"
5251765,"James, Thomas"
1453542,"Stgermain, Sudie"
8194546,"Coughlin, Amy"
7957558,"Presswood, Lori"
9506084,"Kramer, Kenneth"
9469735,"Gordon, Hattie"
6644974,"Robbins, Natasha"
5177680,"Brooks, Stephanie"
2108168,"Puckett, Wendell"
6812751,"Nakasone, Rachel"
2123655,"Kiffer, Daryl"
8736872,"Robinson, Dan"
4993147,"Lynn, Raleigh"
4994148,"Copeland, John"
4929335,"Martin, John"
4910045,"Karns, Aaron"
4715917,"Malone, David"
8417903,"Martin, Steven"
7062649,"Harris, Mark"
1300675,"Martin, John"
7912122,"Jeans, Jane"
9334615,"Koehler, Corey"
4545448,"Cottrell, Christopher"
2734866,"Treston, Glenn"
6737941,"Gambles, Donald"
1977003,"Bethel, Robert"
8871933,"Wyant, Brenda"
3227016,"Lheureux, Casey"
4568324,"Wilenkin, Fernando"
4090670,"Squires, Wesley"
3177479,"Humann, Christopher"
5524824,"Bennett, Gisele"
4357894,"Gonsales, Margarette"
3380516,"James, Nelson"
1296866,"Robinson, Kristina"
8492403,"Kendrick, Earl"
2211417,"Buchanon, John"
4196671,"Corrigan, Kelly"
7338985,"Houston, Larry"
2158309,"Williams, Debbie"
1842215,"Pickett, Rodney"
3442622,"Rutter, James"
3042091,"Irving, Roderick"
8006498,"Howard, Traci"
9744470,"Key, Randy"
3853179,"Skora, Joshua"
9062313,"Espinal, Mitchell"
1064908,"Stern, Jane"
4303190,"Naumann, John"
5290987,"Woods, Patricia"
4893385,"Jarrell, Betty"
8701750,"Domingue, Dorian"
7410796,"Bennett, Micheal"
8624485,"Packard, Roger"
4625711,"Jenkins, Irene"
6127765,"Alexander, Charla"
6376996,"Horky, Dustin"
2953160,"Dominick, Bradley"
6310647,"Mccormick, Jason"
8455350,"Fisher, James"
1759329,"Phillips, Donald"
4031169,"Myers, Michael"
9631994,"Gomez, Vickie"
1587247,"Solis, Ernest"
7704433,"Mcarthur, Angela"
1256532,"Blackmon, Robert"
8291249,"Prehn, Shannon"
5939869,"Christopher, Martin"
2611645,"Burke, Charley"
2829137,"Rouse, Rebecca"
8595140,"Estrada, Rose"
2202312,"Thayer, Christopher"
9529000,"Navas, Frank"
4268251,"Gordon, Joshua"
3113060,"Johnson, Michael"
4322947,"Hampton, Ruth"
9117407,"Bobb, Tara"
3560468,"Luther, Martin"
5395793,"Perry, Jeremy"
9809947,"Tyson, John"
7772711,"Gregory, Andrew"
5431822,"Vanpelt, Jesse"
5941849,"Selmer, Danny"
2740179,"Callen, Donald"
7538081,"Riley, David"
8368901,"Garner, Alexander"
5424542,"Chatten, Robert"
9293890,"Cash, Raymond"
1457402,"Rasmussen, Maureen"
4332400,"Mcnair, Annie"
4048486,"Parham, Scott"
8059352,"Osborne, Michael"
8372237,"Yaney, Randy"
8072674,"Abrams, John"
7501836,"Oconnell, Bruce"
2723372,"Partlow, Kitty"
4988184,"Nowak, Elvira"
8363938,"Broussard, Justin"
3805420,"Judkins, Tony"
6226845,"Burdette, Lawrence"
5199938,"Hadley, Matthew"
7402500,"Helfrich, Gayla"
2355129,"Rodriguez, Warren"
9769086,"Filmore, Peter"
5419916,"Bivens, Joel"
4299374,"Loudermilk, Roman"
3300915,"Barber, Christine"
7627324,"Peters, Andrew"
3206781,"Hodgkin, David"
5675857,"Blakeman, David"
3906260,"Doss, James"
3966093,"Clifford, Joe"
6530833,"Herbert, Jean"
6672630,"Abdo, Jason"
6820843,"Vargas, Betty"
5875707,"Plaza, Margaret"
7808735,"Laird, William"
7901497,"Davies, Lyndsay"
4207543,"Kerr, Darrel"
5758239,"Rogers, Elroy"
8616191,"Blassingame, Mabel"
9980351,"Wagner, William"
3015915,"Johnson, Tonya"
4587661,"Schultz, Maria"
1092348,"Conner, Angela"
5595698,"Duncan, Hannah"
6575422,"Tobe, William"
6017659,"Rosales, Richard"
5088157,"Galbraith, Diana"
7472200,"Eldridge, William"
2789004,"Whitener, Victor"
7243757,"Johnson, Andrew"
4321191,"Lagatta, Tracy"
6815770,"Dallaire, Charlie"
9537907,"Garcia, Patrick"
3745829,"Claggett, Jeff"
3766551,"Schmidt, Katheryn"
4937758,"Feeley, Jesus"
9225900,"Holloway, Luis"
4887295,"Peterson, Austin"
2920320,"Vasquez, Shaun"
9567985,"Wojenski, Richard"
1833893,"Robles, Danny"
7756271,"Wood, Richard"
7895675,"Thomas, Max"
6656170,"Merrill, Walter"
3494838,"Tanner, Linda"
3749515,"Avila, Drew"
6067100,"Taylor, Rolf"
7347569,"Byrd, Abbey"
2080188,"Rhodes, Tera"
7793235,"Bucknell, Loren"
9647970,"Board, Carlos"
7670201,"Harris, Peggy"
6957586,"Butler, Maria"
7343273,"Bolenbaugh, Janet"
6055312,"Mendez, Gary"
8956132,"Clay, Kent"
8050577,"Tejeda, Jacqueline"
9887299,"Moon, Edmond"
2329166,"Thigpen, Robert"
5789385,"Riendeau, Mary"
6944533,"Mack, John"
7026610,"Paletta, Joann"
5301790,"Jones, Carla"
4451990,"Worrell, Constance"
5073193,"Zurcher, Billy"
2525314,"Beu, Mary"
2659881,"Blumenstock, James"
4104615,"Kemp, Hugh"
2703042,"Schuld, John"
6066322,"Hart, Elvira"
1655496,"Bui, Michael"
8098713,"Merrell, Archie"
8288837,"Harris, Stella"
8110136,"Anderson, Jeff"
3406750,"Culpepper, Brian"
9532263,"Gregory, Rose"
9078279,"Robinson, Monte"
3317933,"Sinclair, Nikki"
2595101,"Logan, Kenneth"
2735796,"Wein, James"
2625971,"Moody, Nathan"
7264063,"Corliss, Eugene"
4988683,"Salgado, Kevin"
5087791,"Bounds, Scott"
5836426,"Reiss, Craig"
3600891,"Siler, William"
9612524,"Jaeger, Daphne"
8719611,"Martinez, Jerry"
5421505,"Decker, Nancy"
4451062,"Pridgeon, Paul"
3150930,"Gassen, Shelia"
3545755,"Lund, Paul"
3259638,"Devereaux, William"
5887177,"Ludwig, Hong"
2403530,"Claiborne, Todd"
3648313,"Ramirez, Robert"
2865328,"Shepherd, Martin"
9575166,"Forte, Darin"
7748859,"Hrabovsky, Brenda"
1517230,"Guzman, Larry"
7558956,"Eaton, James"
9677790,"Weise, Thomas"
8584593,"Daniel, Scott"
2769783,"Boston, Christopher"
2928813,"Vanderburg, Steven"
2525254,"Carlson, Larry"
5407141,"Mcnair, Jessie"
2860699,"Gracey, Weston"
2515683,"Tolbert, Thomas"
8235555,"Sparks, Nicole"
1068029,"Clary, Lessie"
6773050,"Durdan, Barbar"
2741000,"Lacroix, Mary"
8005480,"Green, John"
7449119,"West, Suzanne"
7980012,"Rogers, Yuette"
4587698,"Jones, Charlie"
9768778,"Christenson, Alan"
9170871,"Murphy, Norris"
8973897,"Wadley, Maria"
7281649,"Potter, Benjamin"
1827077,"Holben, Dion"
7339895,"James, Donald"
1074659,"Finkel, James"
1986969,"Barrett, Grace"
2552805,"Rolf, Chase"
9073268,"Caruso, Dennis"
5004260,"Beltz, Donna"
4656464,"Chan, Linda"
8071444,"Allen, Ralph"
5987820,"Dunmire, David"
9619344,"Reed, Kathleen"
7515726,"Roberts, Nell"
1700855,"Preston, Jackson"
3033442,"Franko, Isaac"
3969679,"Flynn, Roy"
3711078,"Cook, Rory"
5922822,"Zbell, Frank"
5461296,"Woody, Michael"
4469144,"Mills, James"
1468315,"Morris, Monty"
8811894,"Skinner, Clarence"
4164392,"Ford, Sharon"
9828049,"Gonzalez, Edith"
6180564,"Slayton, Angel"
8147501,"Davis, Caridad"
5451695,"Drinkard, Matt"
1020161,"Clark, Georgia"
2074466,"Lacombe, Henry"
6661760,"Garcia, Lisa"
8000428,"Kennard, William"
3610351,"Archer, Johanna"
9158732,"Wells, Angelo"
5408339,"Middleton, Daniel"
4858206,"Kotson, Melanie"
2744258,"Massey, Jason"
7830014,"Dwyer, Jennifer"
5383398,"Stenger, Chester"
7568786,"Stuzman, Joseph"
1385331,"Mcqueen, Jody"
9076596,"Alcorn, Robert"
2459564,"Tosh, Peter"
1041268,"Stanley, Andrew"
1764129,"Perotti, Sherman"
6297647,"Payne, Norman"
1766182,"Smith, Gordon"
8166122,"Balke, Dean"
6977015,"Kornfeld, Jeremiah"
2423325,"Henson, James"
7007300,"Ramirez, John"
1666843,"Kramp, Gary"
4777111,"Cagle, Jodi"
4050492,"Mclaren, Justin"
1328673,"Hughes, Heather"
6651576,"Unger, David"
6761226,"Stein, Paul"
9839393,"Noffsinger, Dave"
6224035,"Brown, Joseph"
9080469,"Torres, Jonathan"
1322683,"Humphries, John"
9167273,"Coleman, Daniel"
2372972,"Dale, William"
6128120,"Boggs, Tommy"
8006735,"Madril, Adela"
8007022,"Provines, Rick"
2842625,"Peck, Charles"
7244343,"Parga, Billy"
9351283,"Martin, Steven"
2768478,"Endo, Eric"
3789518,"Spotwood, Wanda"
6344434,"Wells, Stephen"
1056508,"Suh, Lenore"
9663436,"Spence, Susan"
8166460,"Solis, Kenneth"
8809040,"Crisp, Philip"
6981730,"Baremore, Michael"
1282402,"Carmichael, William"
1239583,"Hawkins, Michael"
3620815,"Hall, Allen"
9369178,"Eden, Thomas"
9804530,"Buck, Steven"
8498650,"Anderson, Frank"
4700334,"Tucker, Crystal"
6673444,"Carter, Esther"
3620646,"Lugo, Willie"
9736962,"Kennedy, Sara"
1062360,"Signs, Patricia"
5979496,"Phillips, Allen"
3846886,"Shaw, John"
3254419,"Zarek, James"
3998866,"Rose, Juan"
8980367,"Crocker, Glenn"
9001811,"Sykes, Donnie"
8390700,"Speer, Nicholas"
7899020,"Kern, John"
9748434,"Westphalen, Raymond"
4441543,"Eyre, Donald"
4097427,"Infantino, Ashley"
7989311,"Onstott, Ronald"
3392206,"Morris, Thomas"
3881599,"Cave, Brian"
5546787,"Owens, Katie"
3496254,"Veer, Noemi"
3508499,"Ross, Elyse"
3823425,"Atkinson, Ryan"
8120806,"Smith, Kathleen"
5357270,"Banner, Jeffrey"
4366238,"Orsini, Terry"
2314133,"Jackson, Debbie"
9010474,"Dexter, Patricia"
2431853,"Colligan, Julian"
1933509,"Morin, Bridgette"
1546530,"Henderson, Richard"
1275817,"Castaneda, David"
4827736,"Boothroyd, Joseph"
6770069,"Campo, Cathi"
4388871,"English, Ronald"
3382257,"Parrish, John"
7909611,"Norcross, Ty"
3239393,"Smith, Bettina"
4320195,"Slough, Robert"
6873417,"Singh, Don"
7117557,"Creveling, Larry"
6552109,"Rathje, Robert"
5446477,"Wohlrab, Elsa"
3791456,"Sissel, Walter"
7032002,"Dunn, Hector"
1981014,"Cyree, Christopher"
9858066,"Wheeler, Mary"
7933273,"Scheffel, Estelle"
5922763,"Mitchell, Martin"
5110500,"Cooper, Nancy"
2256409,"Cook, Travis"
2496704,"Posey, Amanda"
2871952,"Minton, Brian"
3008112,"Tuitt, Stephen"
6313793,"Mcdonald, Mike"
3181225,"Mcwhorter, Thomas"
1208022,"Eddington, Sidney"
6459375,"Gorman, David"
1394594,"Keiss, Alfred"
4608697,"Teixeira, Richard"
1524386,"Kappel, Jose"
4469257,"Kennedy, Robert"
8063531,"Gibson, Na"
2422160,"Land, Kurt"
4562223,"Hembree, Jason"
8372367,"Sanchez, Benita"
3384262,"Miller, Harry"
7186963,"Winesett, Betsy"
5002864,"Simmons, Michael"
6287294,"Elliott, Miguel"
9166227,"Bjorkman, Arthur"
1154087,"Redington, Randy"
7274901,"Rossi, Todd"
2471108,"Long, Michael"
4618583,"Tudor, Gregory"
3150069,"Groth, Daniel"
5566964,"Masi, John"
4870954,"Mcclain, Gilbert"
7264453,"Gantner, Scott"
6473049,"Fernandez, Robert"
4451724,"Fox, George"
9864033,"Silva, Harold"
6816517,"Valle, Xiomara"
3700191,"Biller, Johnathan"
6538663,"Santacruz, Robert"
5065984,"Durham, Joyce"
1494973,"Woods, David"
4907354,"Leishman, Shayla"
4991703,"Avans, Donovan"
3514006,"Toland, Refugio"
4558947,"Carroll, Gregory"
5460823,"Racine, Margaret"
8695649,"Vanbebber, Michael"
9749837,"Gilbert, Brittany"
7933021,"Streit, Todd"
1322746,"Machado, Paul"
4762831,"Lawrence, Ronald"
7467880,"Young, Raymond"
3862890,"Fisk, Andrew"
4731584,"Cyr, Louis"
1092303,"Vasquez, Paul"
4827235,"Roehl, Shannon"
2057007,"Orcutt, David"
1412884,"Maglione, Karl"
4422437,"Camacho, Richard"
5543184,"Olson, Thomas"
3622757,"Stanley, Michael"
2537355,"Galvin, Ruby"
6285848,"Kauble, Lola"
8078149,"Carroll, Roger"
5009329,"Clifford, Gregory"
8877074,"Pelton, Delbert"
7322640,"Edwards, Timothy"
4960734,"Smith, Marcus"
2345271,"Wilcox, Carol"
4873308,"Steele, Ardella"
1737564,"Miller, Jane"
7342473,"Debo, Wilburn"
7270554,"Guerra, Robert"
3202557,"Hessler, Jessie"
5760129,"Brazil, Daniel"
4913833,"Yau, Billy"
9236600,"Nilson, Gordon"
4096868,"Williams, Susan"
3176890,"Jackson, Ryan"
7338514,"Clark, Patrick"
5854224,"Earheart, Michael"
2995138,"Waugh, Daniel"
8467775,"Mcfall, Michelle"
9216270,"Gonzales, Keisha"
7899294,"Valentine, Marcus"
9124651,"Delagarza, Heidi"
3120460,"Duncan, Andrea"
9905567,"Alldredge, David"
8895402,"Smith, Shantelle"
3240562,"Mitchell, Helen"
5963943,"Branton, Mary"
1052862,"Lucas, Gene"
2096607,"Williams, John"
9273888,"Fender, Kenneth"
9743452,"Mccoy, Darnell"
5735852,"Hibbs, Tobie"
5914692,"Polito, Gwyn"
8451093,"Azcona, David"
8417182,"Solomon, Penny"
5014769,"Esparza, Michael"
3529829,"Byer, Marcel"
9293704,"Smith, Alfred"
4829567,"Gonzales, Judy"
6337560,"Danger, Gregg"
9505825,"Estimable, Shelly"
4574983,"Smith, Catherine"
3132681,"Kelley, James"
3558725,"Turner, Francine"
6949386,"Mathews, Christopher"
7584050,"Johnson, Rodney"
7350105,"Samford, Russel"
1212606,"Jordan, Harry"
6770858,"Day, John"
9983239,"Jones, Jeremy"
5012391,"Wallace, Irene"
6129092,"Whiteman, David"
7493477,"Hollingsworth, Derek"
9081151,"Mann, Elaine"
2789105,"Luong, Heriberto"
7275114,"Warren, George"
2542368,"Rodrigez, Jason"
4988628,"Cohen, Dion"
9620436,"Lewis, Michael"
7563808,"White, Otis"
8504304,"Coleman, Gregory"
1459531,"Ferguson, Cortney"
2289189,"Zeck, Steven"
6710842,"Nunn, Mario"
4389652,"Huelse, Seema"
1016147,"Sol, Judy"
7015771,"Caballero, Neil"
7913042,"Flowers, Alan"
7819667,"Shipley, Larry"
8325727,"Bottoms, James"
2637090,"Smith, Edward"
9750027,"Brunner, Jason"
6650701,"Mcgee, Jill"
4034087,"Vires, Tuan"
8178729,"Edson, Elizabeth"
1510349,"Owens, Alonzo"
2107239,"Long, Dorothy"
4022003,"Casares, Lula"
5869035,"Oneal, Milton"
9921892,"Benitez, Eugene"
7962908,"Gonzalez, Tammy"
3334076,"Dail, James"
2156045,"Mays, John"
7436656,"Griffin, Ricardo"
5537930,"Gutierrez, Ashley"
1428210,"Purdy, Raymond"
7651497,"Shover, Randy"
6202371,"Hill, Elizabeth"
7610979,"Faulk, Norma"
9180242,"Murphy, Emily"
2171329,"Hester, Edward"
4958986,"Kelly, Wayne"
7089789,"Jenkins, Walter"
4010091,"Smith, Charles"
1385828,"Dunn, Thomas"
7899074,"Wells, Daniel"
8904922,"Strawderman, Shelly"
2526757,"Burns, Rebekah"
9552045,"Musielak, Mark"
4073803,"Perry, Robert"
2838233,"Fimbres, Duane"
7601397,"Miles, Anne"
5112517,"Duff, Emerson"
3940083,"Morris, Cecil"
2341869,"Tan, Hans"
9136717,"Johnson, Howard"
4805663,"Collins, Kevin"
3215883,"Wood, Sylvia"
2691415,"Prescott, Brenda"
4908624,"Farley, Merlin"
7503446,"Bonner, Fabian"
3055329,"Elder, Thomas"
5868724,"Collins, Carmen"
4025999,"Alexander, Richard"
1708790,"Bergeron, Laura"
8140105,"Hernandez, Robin"
4142744,"Henderson, Anthony"
1001782,"Espinoza, Anne"
8283256,"Martin, John"
1635473,"Sanchez, Michelle"
7479716,"Detweiler, Dorothy"
5955796,"Davis, Reynaldo"
8282637,"Ignacio, Cynthia"
4522115,"Clarke, Jeffery"
1908997,"Carter, Charles"
7337076,"Capone, Eric"
8535862,"Stewart, Gene"
9535314,"Victor, Keith"
9673540,"Hatcher, Garry"
2123224,"Austin, Michael"
6734746,"Hill, Louise"
1916599,"Huggins, Marguerite"
3885303,"Yaney, Raymond"
6842795,"Garofalo, Michael"
5433350,"Moore, Martin"
4240726,"Escobar, Larry"
3359010,"Lerner, Jerry"
3362306,"Hill, William"
2736288,"Madden, Eric"
6605903,"Palmer, Christopher"
6575768,"Wilke, Rachel"
9098358,"Sharp, Edna"
3191985,"Baggett, William"
4765104,"Perrault, Claude"
8538288,"Knowles, Albert"
3116332,"Mayson, Kirby"
9326976,"Vancamp, Michael"
8728772,"Witt, Kathy"
6935220,"Harrington, Doris"
2543160,"Manley, Jose"
5208588,"Mcclung, James"
8050064,"Erben, Jill"
2989107,"Rodriguez, Stephanie"
7751680,"Simmons, David"
7808352,"Welch, David"
8960769,"Sikes, David"
7376863,"Brown, Amy"
4623915,"Degraff, Jamie"
3594289,"Welsh, Brian"
7537070,"Dixon, Jesus"
4617930,"Richardson, Norman"
5009698,"Mckinney, Joaquin"
1093203,"Leigh, Sandy"
2358795,"Reed, Laraine"
7910055,"Spann, Crystal"
6984118,"Barnes, Cathy"
3182820,"Peterson, Sharon"
4507269,"Reiland, Ted"
7145801,"Wright, Tony"
9421248,"Wright, William"
9511908,"Wilson, Christina"
6844188,"Adcock, Marjorie"
6365803,"Hunt, David"
7441293,"Bailey, Harrison"
5878121,"Orloff, Bessie"
8723357,"Taylor, John"
8770434,"Donley, Louis"
3571293,"Turner, George"
2859701,"Harriss, Melvin"
7610661,"Wenz, Imogene"
4512653,"Martinez, Carlos"
3258478,"Miga, Pauline"
1848187,"Cole, Brenda"
7977766,"Knuth, William"
8600449,"Mays, Hipolito"
7786750,"Maldanado, Sandra"
2358124,"Potts, Merle"
6474006,"Goldman, Anita"
8871412,"Ward, Harold"
2833420,"Powers, Stanley"
2014557,"Ford, Kathleen"
7461192,"Vickers, Marcos"
2845417,"Webb, Walter"
7803666,"Walker, James"
1981704,"Johnston, Charles"
4169271,"Goodale, Edwin"
2739397,"Mahoney, Wilbur"
4003908,"Deines, Clarence"
9447264,"Kelly, Perry"
8164192,"Sarmiento, Rosa"
5814327,"Elliott, Eric"
3605099,"Melancon, Gertrude"
5405548,"Heffernan, Christopher"
7577292,"Stevens, Levi"
4326273,"Brown, Roy"
7061752,"Giles, Amanda"
5218901,"Nair, Henry"
9140786,"Beard, Tammy"
6174813,"Crawford, Wilson"
1190726,"Gonzalez, Maria"
1585511,"Markum, James"
8170310,"Delp, Dorothy"
8160656,"Bonilla, Derrick"
5988543,"Harris, Tiffani"
3899595,"Sawyer, Justin"
7815512,"Garcia, Nick"
3883978,"Cocco, Gary"
7753240,"Sanderlin, Ricardo"
7668554,"Rueluas, Wesley"
8490393,"Booker, Doris"
4716824,"Hobart, Trudy"
2228207,"Koenig, Jim"
5561408,"Pitt, Charles"
4662461,"Pajerski, Diana"
4388170,"Kane, Lilliana"
6438879,"Davis, Mario"
5527655,"Brady, John"
5384696,"Ludlam, Michael"
2915037,"Bastien, William"
7652529,"Horwitz, Lewis"
4977076,"Chambers, Joshua"
7481340,"Jones, Robert"
5067199,"Kinkel, Eugene"
3915592,"Stephenson, Elizabeth"
6977048,"Juarez, Gertrude"
1982973,"Warrington, Ted"
2183758,"Lewis, Paul"
8138740,"Barros, Terri"
4892396,"Willett, Jeffry"
4917573,"Lee, Marcus"
4340781,"Perry, Joseph"
2386246,"Bashaw, Brian"
2780320,"Mccartney, John"
9012970,"Steed, Roger"
6056254,"Kanish, Gayle"
3651152,"Gilbert, Lena"
4827045,"Sims, Eric"
3374070,"Scott, Arthur"
1779881,"Magnie, Christina"
4376564,"Morales, Renee"
8759864,"Shield, Steven"
2621461,"Black, Trevor"
3900264,"Locklear, Matthew"
7666547,"Ceballos, John"
7354077,"Gale, Renae"
7445954,"Mcintosh, Virginia"
4807317,"Burns, Linda"
1816548,"Sanchez, Anthony"
6876775,"Martinez, Benny"
8668432,"Durazo, Michelle"
7570054,"Barajas, Jennifer"
1278456,"Brito, Nathaniel"
8641679,"Gray, Daniel"
3871139,"Carroll, Anthony"
3388685,"Harris, Orval"
5513793,"Castellanos, Olga"
3708574,"Blaze, Beth"
3230616,"Trevino, Marvin"
5616533,"Markus, Willie"
3716923,"Frentzel, Thomas"
5054435,"Tafoya, Thomas"
2012585,"Schrum, Armand"
8304828,"Nester, Thomas"
6358198,"Perry, Patrick"
6092905,"Shaw, Pattie"
4551922,"Chewning, Andre"
4387241,"Pignataro, James"
1143732,"Steiner, Cynthia"
6141273,"Schweinfurth, Judith"
6091087,"Russ, Benjamin"
7158906,"Edwards, John"
4961844,"List, Linda"
5488694,"Roper, Sarah"
3662346,"Carter, Rafael"
4763702,"Heling, Patrick"
9449465,"Durbin, Sherman"
9597099,"Perreira, John"
2043880,"Wilcox, Blake"
1541447,"Campbell, Carl"
7243415,"Stroud, James"
5402528,"Bruner, Anthony"
9880790,"Penland, Jorge"
7639864,"Ashe, Nancy"
8036269,"Goldberger, Victor"
4764771,"Lambert, Jeffrey"
4537152,"Vanderveen, David"
3873368,"Carpenter, Jesse"
9726087,"Turner, Gloria"
8346327,"Montano, Elvis"
4717440,"Kelly, Maria"
5916744,"Hearne, John"
5855204,"Edge, Robert"
9994846,"Bellerose, Elizabeth"
9378736,"Harper, Joseph"
5639928,"Chang, Royce"
9482898,"Dews, Richard"
2797185,"Hogan, James"
2023274,"Wolcott, Manuel"
7233493,"Moore, Ida"
7297449,"Streb, Nicolette"
7906562,"White, Patricia"
4901043,"Carbonaro, Leticia"
7761491,"Montalvo, April"
6519815,"Stewart, David"
3555510,"Davis, Howard"
5734513,"Cornelius, Lonnie"
2455417,"Villarreal, Jeremy"
7605481,"Buggie, Victor"
9397250,"Gillespie, Amber"
1834313,"Redmond, Justin"
4259990,"Clark, John"
9045339,"Bell, Peter"
8361135,"Huston, Frederick"
7887011,"Mann, John"
7842915,"Brewster, Robert"
9915310,"Lang, Callie"
9363008,"Guevara, Michael"
6589497,"Lee, Frank"
8685531,"Perea, Bruce"
2874854,"Merrill, Bernice"
6885689,"Woods, Alvin"
7248782,"Price, Darrell"
5624641,"Ramirez, Robert"
5769285,"Scott, Louie"
2298275,"Fish, Raymond"
7120036,"Bloomer, Linda"
6029322,"Lake, Reginald"
9424007,"Brice, James"
3884517,"Montgomery, Eusebio"
9797650,"Mcleod, Carolyn"
4318525,"Price, Victor"
8894013,"Jones, Mack"
6803235,"Smith, Richard"
9199623,"Malec, Jose"
1118021,"Dyson, Randall"
1581089,"Hernandez, Berta"
6882650,"Pitcher, Victor"
7806078,"Schoch, Michael"
7453380,"Fitzgerald, Lee"
9545676,"Dimartino, Anthony"
5644042,"Fuentes, Kevin"
7727295,"French, Stanley"
5507511,"Wright, Lois"
1675019,"Mcdaniel, Alexis"
8468090,"Dyer, Sean"
1576201,"Gonzalez, Scott"
2317819,"Smith, Kathy"
1004155,"Frantz, Timothy"
1924250,"Cutshall, Albert"
1967959,"Anderson, Vincent"
2090285,"Dennison, Steve"
9806908,"Hahn, Sean"
8792045,"Thompson, Kenneth"
6485451,"Miles, Timothy"
5877617,"Gilbert, Donna"
9304305,"Chappel, Barbara"
5843495,"Banks, Richard"
9407593,"Lugo, Geoffrey"
6012698,"Gonzales, Paul"
2027689,"Williams, George"
6813440,"Smith, Randy"
5955158,"Lavalley, Anne"
3303795,"Mcintyre, Roy"
3412449,"Ooten, Daniela"
8327001,"Flagg, John"
4510804,"Simson, Timothy"
1392339,"Casson, Justin"
4692244,"Swain, Frances"
2089286,"Jefferis, Elizabeth"
6074482,"Wheeler, Hong"
7756628,"Humbert, Stephen"
2370788,"Roy, David"
1311038,"Leclair, Justin"
2840584,"March, James"
9666751,"Hadden, Joshua"
3421975,"Daniels, Christopher"
9217990,"Lavigne, Tim"
5341284,"Lairmore, Louise"
7628791,"Epperson, Jose"
8984265,"Schoen, Erika"
7743812,"Scerra, Lois"
8733500,"Jinks, Wayne"
3652518,"Atkinson, Ellen"
3242842,"Henriquez, Bryon"
9362053,"Donnelly, Renee"
1768788,"Whitcomb, Duncan"
4014555,"Adams, Noreen"
5684416,"Cooper, Ruben"
3922069,"Chamness, Steve"
9555417,"Guzman, Mary"
3070152,"Cook, Heather"
4620016,"David, Malcolm"
1905270,"Kreiman, Rolland"
4621660,"Garcia, Jason"
4990338,"Adams, Daniel"
9773531,"Campbell, Daniel"
6830819,"Price, Ronald"
7578695,"Malone, Cletus"
9770095,"Kerce, William"
7968961,"Kowald, Jason"
7293679,"Girard, William"
3432454,"Priest, Michael"
1710503,"Tatum, Ray"
5942425,"Fackler, Claude"
3758574,"Furfaro, Raymond"
2626327,"Mccarthy, Leroy"
9435896,"Payan, Harlan"
6005539,"Norfleet, Herbert"
9701173,"Rodgers, Monroe"
2337245,"Atkinson, Daniel"
1858324,"Loughry, George"
4983089,"Brooks, Leonard"
1578544,"Hunt, Bryan"
1512538,"Rimmer, Ryan"
1808172,"Fine, Steve"
4962966,"Holcomb, Leanna"
8957673,"Mickey, George"
3975294,"Cummins, Karen"
5983066,"Quezad, Justin"
6270116,"Thompson, Peter"
6293285,"Echevarria, Kevin"
2768027,"Ames, Barbara"
4770761,"Schoenberger, Amanda"
7200059,"Bueche, Zachary"
2113556,"Obrien, Jason"
4066358,"Peyton, Brian"
6317599,"Champlin, Peter"
8267050,"Mattos, Elizebeth"
4217549,"Patterson, Katie"
3561621,"Gilbert, Robin"
7738432,"Henriquez, Pedro"
6082455,"Walters, Lawrence"
8078167,"Mackey, Jeffrey"
5162886,"Patterson, Alvaro"
5995300,"Woods, David"
3023493,"Vandehey, Stacey"
3585366,"Snellgrove, Melvin"
1227848,"Marinello, Sharilyn"
3863858,"Herring, Claudia"
9759374,"Kalar, Thomas"
6699272,"Smith, Wilfred"
2689417,"Guerrero, Richard"
3699297,"Rivera, James"
6907742,"Biederman, Mandi"
8848430,"Mullen, Mark"
4400099,"Schaffner, Gina"
6204322,"Happenny, Aaron"
5717758,"Lattimore, Calvin"
1724302,"Acuff, Roger"
6904891,"Smith, David"
3120161,"Conerly, Esther"
7904879,"Kowalsky, Clay"
1558668,"Swanigan, Patricia"
6932249,"Stringer, Brandon"
7961318,"Thomas, Kathie"
3090206,"Perry, Steven"
6642596,"Peterson, William"
4236115,"Slowik, Eugene"
2869825,"Willis, Henry"
5446093,"Crabtree, Michael"
1923415,"Batdorf, Jimmy"
2368771,"Fyall, Richard"
6505128,"Arrington, Amy"
3741360,"Pappas, Carol"
6692562,"Hainley, Garry"
6131576,"Frith, John"
5593617,"Kitchen, Pedro"
4455288,"Hamilton, Celeste"
9019970,"Grayson, John"
9019929,"Ross, Cynthia"
6468080,"Kretschmer, John"
6735256,"Fleagle, Donald"
4376194,"Reece, Michael"
9966747,"Davis, John"
6179243,"Mitchell, Lindsay"
1137726,"John, Tommy"
4340532,"Jury, Alice"
8825047,"Kaplan, Michael"
2954907,"Oconnor, Linda"
3482751,"Stockman, Jacquelyn"
2495492,"Robinson, Howard"
5720448,"Pacheco, Jaime"
9555935,"Spivey, Daniel"
6667722,"Carter, Janelle"
7072784,"Hargrove, Eugene"
4318105,"Saunders, Daniel"
6923403,"Evans, Cheryl"
3982449,"Lehmberg, Helen"
8484104,"Johnson, James"
7595384,"Woodard, John"
7510289,"Martinez, Andrew"
8390339,"Mitchell, Travis"
6649451,"Norris, Phillip"
8693441,"Truett, Daniel"
2988372,"Bunch, Walter"
8727980,"Green, Guy"
6384601,"Johnson, Sally"
6711504,"Shepherd, Lou"
6499208,"Douglas, Bridgette"
8824103,"Cardinale, William"
1202027,"Spurlock, Joshua"
1619799,"Stephens, Austin"
2041160,"Guajardo, James"
7760687,"Burns, Nilsa"
1020780,"Terracina, Harold"
7992735,"Withers, Ann"
7655712,"Carroll, Michael"
9961311,"Cramer, Barbara"
8116577,"Pfeiffer, Henry"
7735822,"Miller, Melissa"
4442254,"Chacon, Benjamin"
7068337,"Santillo, Luis"
8528193,"Welter, Edward"
2344097,"Graves, Robert"
8573041,"Garner, Fidel"
2612705,"Misner, Jeremy"
3212617,"Aller, Patrick"
2347678,"Capley, Johnny"
3678699,"Motte, Florence"
2003289,"Dean, Lakisha"
1819606,"Houck, Deborah"
3160107,"Fennell, Cynthia"
7555448,"Hall, Ellen"
8626864,"Baker, David"
6936826,"Howard, Darrell"
1074821,"Salyers, David"
6904230,"Kirby, Patrick"
9359366,"Volk, Robert"
3293134,"Arnold, William"
6888889,"Olsen, Diane"
2920097,"Shumake, Robert"
2527286,"Cecil, Frances"
4875514,"Lockridge, David"
6018062,"Fontenot, Josephine"
2952248,"Rudolph, Melinda"
8112359,"Hardy, Andrew"
7219970,"Burk, Jean"
8976587,"White, Michael"
1891747,"Keomanivong, Ervin"
3021683,"Vinson, Edward"
5477046,"Fowler, Norma"
8143310,"Harris, Tasia"
1253863,"Martin, Dwight"
7478446,"Adams, Margaret"
6712797,"Moss, Theresa"
9880664,"Morton, John"
3672814,"Garrett, Joe"
3776426,"Simmons, Dina"
7984149,"Greenlaw, Eugene"
9666740,"Garcia, Robert"
3408921,"Jaudon, Van"
3314676,"Wendt, Jack"
4254224,"Isenberg, Ruby"
5586491,"Dow, Victor"
9612008,"Patton, James"
2159788,"Boyles, Jason"
5296743,"Witt, Keith"
1260675,"Decker, Joshua"
2543752,"Lopez, Joseph"
3440406,"Phillips, Jesus"
4687325,"Carter, William"
6376352,"Horabik, Inocencia"
5301798,"Cook, Andre"
7470543,"Custer, Kathleen"
6192577,"Moore, Eugene"
1877735,"Lindsey, Clifford"
2976101,"Zimmer, John"
3887469,"Thomas, Charles"
7314752,"Gunnell, Juan"
4917253,"Hastie, Jorge"
3639900,"Gonzalez, Francis"
5624831,"Young, Daniel"
9718127,"Nicholson, Thomas"
9819440,"Contreras, Althea"
3741271,"Sidney, Thomas"
6887367,"Mccarty, Ashlie"
7501702,"Kerr, Ronald"
6860099,"Thompson, William"
9847385,"Sherburne, Jessie"
7531131,"Graff, Christopher"
5748369,"Campbell, Lucille"
4282485,"Molina, Dan"
7328565,"Wietzel, Erich"
6093118,"Schwartz, Marlin"
4205105,"Carlson, Patricia"
6368805,"Walters, Anna"
6308870,"Estrada, Jo"
2419080,"Gallagher, Kristin"
3525870,"Ramos, Alan"
8378927,"Foran, Billy"
3443474,"Middendorf, Brian"
2854701,"Manternach, Cecilia"
3721730,"Markus, Deborah"
9179605,"Owens, Robert"
1202991,"Bartley, David"
9243208,"Fowler, Salvatore"
4338948,"Sacks, Frances"
3487964,"Riseden, Angela"
9875152,"Quimby, James"
4304206,"Friedman, Elliott"
9408494,"Ridley, James"
5798011,"Chase, Violet"
5258608,"Baylor, Martin"
8629323,"Coffey, Fred"
7183945,"Sanderson, Nicholas"
4404619,"Newland, Paula"
9162736,"Livingston, Raymond"
5358490,"Dobbs, Tina"
7484000,"Mitchell, Rodney"
7808970,"Frison, Kevin"
9149521,"Fisher, Johnathan"
8388544,"Wickham, Dale"
2584138,"Waters, Michele"
7092737,"Hancock, Libby"
9865303,"Sinnott, Michael"
3323985,"Quinn, Deborah"
4244676,"Allen, Lyle"
3926237,"Bailey, Rodney"
2541588,"Johnson, Bernard"
7191837,"Penny, Louise"
9712271,"Miguel, John"
6225387,"Jeanlouis, Ross"
2128953,"Rivera, Mildred"
2641508,"Vanderweide, Audrey"
8359913,"Henson, Ellen"
8843748,"Hatley, Anthony"
5137858,"Lanz, Eric"
7532737,"Moreno, Frank"
4129110,"Strother, Lynell"
8132860,"Samson, Judith"
5934818,"Johnson, James"
8018898,"Crabtree, Charles"
1474389,"Stone, James"
1968180,"Neonakis, Francisco"
3807423,"Underwood, Colleen"
3435618,"Bounds, Bruce"
5234775,"Sanchez, Diana"
9542024,"Henry, Lawrence"
7985193,"Smith, Lillian"
4664683,"Wilson, Gerald"
7888832,"Mackey, Russell"
1648299,"Ares, Gladys"
8242862,"Rivera, Derrick"
5173440,"Miller, Jason"
9530304,"Remington, Gigi"
8427448,"Bautista, Shawn"
8406245,"Brown, Mary"
7560560,"Moorer, Nikki"
2638788,"Talmadge, Bernadette"
2578970,"Popp, Wayne"
9525142,"Nye, Dan"
5663492,"Guillory, Myra"
8724205,"Stewart, Virginia"
9581895,"Elrod, Wesley"
2055274,"Williams, Walter"
8360307,"Denman, James"